user_id,user_burst_max7d,user_burst_ratio
5286,2,0.25
5333,2,0.25
5375,6,0.8571428571428571
5453,12,0.8
5827,1,0.5
5834,3,1.0
5837,2,1.0
5839,2,1.0
5842,2,0.6666666666666666
5846,3,1.0
5847,2,1.0
5859,2,1.0
5860,3,1.0
5866,2,1.0
5867,2,1.0
5874,2,1.0
5875,2,1.0
5877,3,1.0
5882,3,1.0
5888,1,0.5
5891,2,1.0
5995,2,1.0
5999,3,1.0
6000,2,0.6666666666666666
6001,2,0.6666666666666666
6005,2,1.0
6007,3,1.0
6008,2,1.0
6011,2,1.0
6013,2,1.0
6014,3,1.0
6015,3,1.0
6019,3,0.75
6020,2,1.0
6023,3,1.0
6024,3,1.0
6026,3,1.0
6027,2,1.0
6077,3,1.0
6080,2,1.0
6083,2,1.0
6086,2,0.5
6088,2,1.0
6091,2,1.0
6093,2,0.6666666666666666
6104,2,1.0
6109,2,1.0
6110,1,0.3333333333333333
6113,1,0.5
6115,2,1.0
6116,2,1.0
6155,3,1.0
6156,5,1.0
6161,2,1.0
6168,2,1.0
6172,2,1.0
6173,2,1.0
6181,4,1.0
6186,2,1.0
6187,1,0.5
6195,3,1.0
6196,2,1.0
6197,2,0.6666666666666666
6201,2,1.0
6205,2,0.6666666666666666
6209,3,1.0
6212,2,0.6666666666666666
6213,2,1.0
6215,2,1.0
6248,2,1.0
6249,2,1.0
6255,2,1.0
6256,2,1.0
6267,2,1.0
6272,1,0.5
6277,1,0.5
6285,3,1.0
6291,2,1.0
6299,3,1.0
6300,2,1.0
6304,2,1.0
6305,1,0.5
6309,2,1.0
6546,2,1.0
6635,6,1.0
6665,2,1.0
6846,3,1.0
6983,2,0.6666666666666666
8802,2,1.0
8981,1,0.5
9143,2,1.0
9151,5,0.45454545454545453
9153,2,0.4
9175,2,0.18181818181818182
9317,2,0.5
9334,2,1.0
10162,2,1.0
10762,1,0.5
10765,2,0.6666666666666666
11414,2,1.0
11416,2,1.0
11444,2,1.0
11446,2,1.0
12198,2,1.0
12199,1,0.5
12200,3,1.0
12210,2,0.4
12214,2,1.0
12215,2,1.0
12216,5,1.0
12220,1,0.5
12223,1,0.5
12256,4,0.4444444444444444
12258,2,0.2222222222222222
12259,4,0.3076923076923077
12261,3,0.3333333333333333
12264,3,0.2727272727272727
12265,4,0.36363636363636365
12269,1,0.5
12270,1,0.3333333333333333
12273,2,1.0
12274,2,1.0
12275,3,0.6
12281,2,0.5
12395,1,0.5
13211,1,0.3333333333333333
13396,2,0.18181818181818182
13543,3,1.0
13544,5,0.5
13554,1,0.5
13555,1,0.5
13820,1,0.16666666666666666
13937,2,0.14285714285714285
14866,4,0.4444444444444444
14879,3,0.5
14881,3,0.2727272727272727
15426,2,0.4
15440,2,0.5
15456,1,0.5
15462,3,0.6
15468,2,0.6666666666666666
15470,3,0.3333333333333333
15644,5,0.2777777777777778
16086,2,1.0
16099,3,0.3
16100,2,1.0
16102,3,0.75
16103,3,0.3
16109,1,0.5
16114,3,0.21428571428571427
16121,2,0.6666666666666666
16134,1,0.3333333333333333
16147,3,1.0
16153,1,0.5
16501,3,0.5
17251,2,0.6666666666666666
17352,1,0.5
17656,2,1.0
18265,4,0.8
18615,1,0.5
18624,4,0.6666666666666666
18626,1,0.5
18627,2,0.14285714285714285
18645,1,0.5
18679,1,0.5
19286,3,1.0
19298,2,1.0
19509,2,1.0
19525,3,1.0
19528,2,1.0
19544,2,1.0
19546,2,1.0
19548,2,0.6666666666666666
19576,2,1.0
19578,2,0.6666666666666666
19580,6,0.3157894736842105
19582,2,1.0
19618,3,1.0
19619,2,0.6666666666666666
19622,2,0.2222222222222222
19623,10,1.0
19629,2,1.0
19630,3,1.0
19635,4,1.0
19987,2,1.0
19992,3,1.0
20195,2,0.2857142857142857
20364,8,0.8888888888888888
21730,1,0.5
21853,1,0.125
21993,1,0.5
22284,2,1.0
22905,1,0.3333333333333333
22908,1,0.2
22909,2,1.0
22923,1,0.3333333333333333
22933,2,1.0
22937,6,1.0
22978,3,0.42857142857142855
22979,2,1.0
23479,1,0.3333333333333333
24960,2,1.0
24963,2,1.0
24966,2,1.0
25330,2,1.0
25999,2,1.0
26214,2,0.2857142857142857
26857,2,0.5
27001,1,0.5
27384,3,0.75
27389,2,1.0
27674,3,1.0
28396,2,1.0
28414,2,1.0
28416,2,1.0
28419,1,0.5
28458,1,0.5
28459,1,0.5
28465,1,0.5
28724,9,0.75
28946,2,1.0
29460,2,0.4
29782,1,0.5
30677,3,0.42857142857142855
31128,1,0.5
32584,1,0.5
34027,1,0.5
34049,3,0.375
34050,3,0.75
34051,2,0.5
34054,1,0.5
34540,4,1.0
34686,3,0.42857142857142855
34929,12,0.8571428571428571
35705,2,0.6666666666666666
36214,4,1.0
36221,2,1.0
36240,1,0.5
36245,3,1.0
36560,8,1.0
36684,4,1.0
36804,2,1.0
37533,2,1.0
37668,2,0.5
38170,1,0.5
38508,2,1.0
38654,2,1.0
39070,3,0.6
39085,2,1.0
39365,2,0.5
39376,2,1.0
39391,1,0.5
39394,2,1.0
39413,2,1.0
39437,1,0.5
39442,2,1.0
39876,3,1.0
40738,3,1.0
41044,3,1.0
41052,2,1.0
41065,2,0.4
41068,1,0.5
41101,2,1.0
41103,1,0.5
41649,2,0.6666666666666666
42298,1,0.5
42490,3,0.42857142857142855
42523,1,0.5
43647,1,0.3333333333333333
43663,2,1.0
44958,1,0.5
44959,1,0.5
45755,1,0.25
46581,1,0.5
46583,2,1.0
46584,2,1.0
46807,1,0.5
47731,2,0.6666666666666666
47900,1,0.5
48126,3,1.0
48133,1,0.5
48169,2,1.0
48172,3,1.0
48202,1,0.5
48219,1,0.5
48220,3,1.0
48289,1,0.5
48291,6,0.6666666666666666
48292,1,0.5
48299,1,0.5
48304,1,0.5
48306,1,0.5
48309,2,1.0
48310,3,1.0
48313,2,0.6666666666666666
48319,1,0.5
48321,1,0.5
50301,5,0.5555555555555556
50445,2,1.0
50450,2,1.0
51423,1,0.5
52065,2,0.4
52073,1,0.5
52541,2,1.0
52552,1,0.5
52558,3,1.0
52560,2,1.0
53509,1,0.5
54715,1,0.5
54726,2,1.0
55068,2,1.0
55991,4,0.8
56680,2,1.0
58841,2,1.0
58855,2,0.4
59121,1,0.5
59125,2,1.0
59132,2,1.0
59161,2,0.6666666666666666
59162,1,0.3333333333333333
59167,1,0.5
59171,2,1.0
59172,1,0.5
59173,2,1.0
61089,1,0.5
61169,6,0.8571428571428571
61237,7,0.6363636363636364
61544,2,1.0
61753,2,0.2857142857142857
61847,2,1.0
62259,2,0.6666666666666666
63627,2,1.0
64181,2,1.0
64476,2,1.0
64661,2,1.0
64665,2,0.4
65025,2,1.0
65034,2,1.0
65045,1,0.5
65047,1,0.5
65049,2,1.0
65057,1,0.5
65062,2,1.0
65429,1,0.5
65828,2,1.0
66065,1,0.5
66082,2,1.0
66101,2,1.0
67739,3,1.0
67742,3,1.0
67774,1,0.5
67778,1,0.3333333333333333
67781,2,1.0
67782,1,0.5
67783,2,1.0
67837,2,1.0
67839,2,1.0
67841,2,1.0
67849,1,0.3333333333333333
67851,6,0.8571428571428571
67855,2,1.0
67857,2,1.0
67924,3,0.75
67929,1,0.5
67934,2,1.0
67938,2,1.0
67943,2,1.0
67944,2,1.0
67949,3,1.0
67950,3,1.0
67951,3,1.0
67953,6,1.0
71496,1,0.5
71509,2,1.0
71554,1,0.5
71764,3,1.0
72857,3,1.0
74280,2,0.6666666666666666
74309,6,0.8571428571428571
74310,1,0.5
74321,2,1.0
74328,2,1.0
76207,1,0.5
77234,2,1.0
78771,2,1.0
79167,1,0.25
79174,2,1.0
79257,3,1.0
79495,2,1.0
79920,1,0.5
81150,1,0.3333333333333333
81174,2,1.0
81175,1,0.5
81178,1,0.5
81616,1,0.5
81647,2,0.6666666666666666
81653,3,1.0
81792,6,1.0
82571,2,1.0
82607,2,1.0
82610,1,0.5
82634,3,1.0
82636,2,0.6666666666666666
83161,1,0.5
83163,2,0.6666666666666666
87682,2,0.5
87689,1,0.5
87698,1,0.5
87700,2,1.0
87705,2,1.0
87709,2,1.0
87713,2,0.6666666666666666
87714,2,1.0
87718,1,0.5
87909,1,0.5
89186,2,1.0
90498,3,1.0
90519,1,0.5
90520,2,1.0
92075,2,1.0
92430,2,1.0
92464,3,1.0
92719,1,0.5
93902,2,0.6666666666666666
94445,2,1.0
94960,2,1.0
95724,1,0.3333333333333333
95792,2,1.0
95797,2,1.0
96189,3,0.6
97037,2,1.0
97038,1,0.5
97042,2,1.0
97424,1,0.5
98464,1,0.5
98808,3,1.0
98838,2,1.0
98845,2,1.0
99336,2,1.0
99344,2,1.0
99376,2,1.0
100346,2,1.0
100374,3,1.0
100378,1,0.5
102693,1,0.5
103120,2,1.0
103123,3,1.0
103160,2,0.5
103523,3,1.0
103536,1,0.5
103542,1,0.5
103543,2,1.0
103547,1,0.3333333333333333
103610,3,1.0
103627,2,0.3333333333333333
103633,2,1.0
103642,3,1.0
103666,2,1.0
103927,2,1.0
103982,2,1.0
104090,2,0.5
104745,2,1.0
104772,1,0.3333333333333333
104793,1,0.3333333333333333
104795,3,1.0
104830,5,1.0
104835,2,1.0
105078,3,1.0
107732,1,0.5
109232,2,1.0
109234,2,1.0
109247,2,1.0
109565,2,1.0
110020,3,1.0
110023,1,0.5
110024,2,1.0
110440,2,1.0
110708,1,0.5
111126,2,1.0
112193,2,1.0
112222,1,0.5
112224,1,0.5
112232,3,1.0
112236,2,1.0
112729,3,1.0
112734,1,0.5
112740,1,0.5
112775,2,1.0
112777,3,1.0
112780,2,1.0
113312,2,1.0
113341,1,0.5
113342,4,1.0
113346,5,1.0
113349,2,1.0
114190,3,1.0
114329,4,0.8
115683,2,1.0
115686,1,0.5
115959,2,1.0
118063,2,1.0
118070,2,0.6666666666666666
118085,2,1.0
118091,2,1.0
118096,2,1.0
118262,2,1.0
118276,2,1.0
118289,3,1.0
118294,2,1.0
118311,2,1.0
118323,2,1.0
118335,2,1.0
118340,2,1.0
118375,1,0.5
118688,2,1.0
119248,2,1.0
120046,2,0.6666666666666666
120048,2,1.0
122296,1,0.5
122300,2,1.0
122304,2,1.0
123322,1,0.5
124276,2,1.0
124281,2,1.0
124283,2,1.0
124299,2,1.0
124300,1,0.5
124731,2,1.0
125322,2,1.0
125432,2,1.0
127160,1,0.5
127965,2,1.0
128972,2,1.0
129011,3,1.0
129064,2,1.0
129582,4,1.0
130446,2,1.0
130815,2,1.0
130827,3,1.0
130828,3,0.6
130830,1,0.3333333333333333
130856,1,0.5
130860,2,1.0
131835,3,1.0
132674,1,0.5
132954,2,1.0
133083,1,0.5
133313,2,1.0
133322,2,1.0
133618,1,0.5
133641,1,0.5
133645,2,1.0
133649,2,1.0
133696,2,1.0
133699,2,1.0
133981,2,1.0
137370,2,1.0
138098,2,1.0
138130,2,1.0
138132,2,0.6666666666666666
138139,2,1.0
139817,2,1.0
139846,1,0.5
140208,2,1.0
141958,3,0.6
142034,2,1.0
142061,2,1.0
142088,2,1.0
142089,2,1.0
142132,2,1.0
142133,3,1.0
142135,3,1.0
142136,2,0.6666666666666666
142139,2,1.0
142142,2,1.0
142151,2,1.0
142156,2,1.0
142158,2,1.0
142159,2,1.0
142162,2,1.0
142164,2,0.5
142172,1,0.3333333333333333
142238,2,1.0
142239,2,1.0
142242,2,1.0
142245,3,1.0
142246,1,0.5
142254,1,0.5
142259,3,1.0
142266,3,1.0
142269,2,1.0
142275,2,1.0
142278,2,1.0
142291,2,1.0
142293,2,1.0
142295,1,0.5
142299,2,1.0
142303,2,1.0
142304,2,1.0
142305,2,1.0
142309,2,1.0
142325,2,0.6666666666666666
142326,1,0.5
142330,2,1.0
142335,3,1.0
142635,2,0.4
142644,2,1.0
143439,2,1.0
143458,2,0.6666666666666666
143971,2,1.0
144881,2,1.0
144887,2,1.0
144888,2,0.5
144919,2,1.0
144920,1,0.5
144926,2,1.0
144970,1,0.5
144974,2,1.0
145231,2,1.0
145569,1,0.5
145823,1,0.5
145829,2,1.0
147994,1,0.5
148006,2,1.0
148803,2,1.0
148804,2,1.0
148846,2,1.0
148849,2,1.0
148858,2,0.6666666666666666
149510,2,1.0
149754,1,0.5
150363,2,1.0
150557,3,1.0
152030,1,0.5
152046,2,0.5
152047,2,1.0
152060,2,1.0
153618,2,1.0
154101,2,1.0
155307,3,0.75
156534,1,0.5
156981,2,1.0
157725,2,1.0
157729,1,0.5
158780,2,1.0
159007,2,1.0
159586,1,0.5
159905,2,1.0
161878,1,0.5
164428,2,1.0
167665,2,1.0
167683,1,0.5
167724,2,0.6666666666666666
167884,1,0.5
169344,1,0.5
169728,2,0.6666666666666666
169741,1,0.5
169847,2,1.0
170199,1,0.5
170210,2,1.0
170755,2,1.0
171591,2,1.0
171665,1,0.5
171976,1,0.5
171995,1,0.5
174347,2,1.0
175712,2,1.0
175822,1,0.5
175844,2,1.0
181705,1,0.5
181734,2,1.0
183417,1,0.5
183418,3,1.0
184341,2,1.0
185994,2,1.0
186568,1,0.5
187353,2,1.0
187942,1,0.5
188720,2,1.0
189133,4,1.0
190074,2,1.0
190076,1,0.5
190123,2,1.0
190134,2,1.0
190137,2,1.0
190139,3,1.0
190185,2,1.0
190205,2,1.0
190207,2,1.0
190217,1,0.5
191698,1,0.5
191912,2,1.0
192028,2,1.0
192031,2,1.0
192046,2,1.0
192052,2,1.0
192063,2,1.0
192079,2,1.0
192084,2,0.6666666666666666
192093,3,1.0
192102,2,1.0
192108,2,1.0
192214,2,1.0
192218,2,1.0
192223,2,1.0
192225,2,1.0
192238,2,1.0
192245,2,1.0
192247,2,1.0
192249,2,1.0
192263,2,1.0
192266,2,0.6666666666666666
192269,2,1.0
192287,2,1.0
192291,1,0.3333333333333333
192296,2,1.0
192299,1,0.5
192313,1,0.5
194235,2,1.0
194265,2,1.0
194275,2,1.0
194305,2,1.0
194307,1,0.5
195158,1,0.5
197489,2,1.0
197525,2,1.0
197528,1,0.5
198510,1,0.5
198903,1,0.5
198906,1,0.5
198912,1,0.5
199292,2,1.0
199301,1,0.5
199335,2,1.0
205106,2,1.0
208942,2,1.0
209727,1,0.5
212041,2,1.0
212477,2,1.0
212501,2,1.0
212507,2,1.0
212508,1,0.5
212589,1,0.3333333333333333
212604,2,1.0
212607,2,1.0
212621,1,0.5
212708,2,1.0
212733,2,1.0
212740,2,1.0
212752,2,1.0
212760,2,1.0
213371,2,1.0
215986,2,1.0
217896,2,1.0
217939,2,1.0
220528,2,1.0
220865,2,1.0
220867,1,0.5
220908,1,0.5
221513,2,1.0
221516,2,1.0
221570,2,1.0
221571,3,1.0
221600,1,0.5
221606,2,1.0
221652,2,1.0
221733,2,1.0
222904,2,1.0
224088,2,1.0
229011,2,1.0
229627,2,1.0
231070,2,1.0
231075,2,1.0
231079,2,1.0
231104,1,0.5
231189,2,1.0
234685,2,1.0
234931,2,1.0
246147,1,0.5
248220,1,0.5
249585,2,1.0
250970,2,1.0
